{"cameraMode":{"drawMode":2,"name":"Shaded Wireframe","section":"Shading Mode"},"sceneLighting":false,"audioPlay":false,"sceneViewState":{"showFog":true,"showMaterialUpdate":false,"showSkybox":false,"showFlares":true,"showImageEffects":true,"showParticleSystems":true},"in2DMode":false,"pivot":{"x":1.1710476875305176,"y":-1.2354906797409058,"z":0.9204792976379395},"rotation":{"x":0.08614496141672135,"y":0.8194603323936462,"z":-0.12788377702236176,"w":0.5520048141479492},"size":16.019105911254884,"orthographic":false}